Titre;Réalisateur;Année de tournage;Date de sortie;Lieu de tournage ;Lieu de tournage ;Lieu de tournage ;Lieu de tournage ;Lieu de tournage ;Lieu de tournage ;url;url image
Prisons de femmes ;Roger Richebé ;1938;13/10/1938;Montpellier;;;;;;http://fr.wikipedia.org/wiki/Prisons_de_femmes_(film,_1938);http://images.fan-de-cinema.com/affiches/large/aa/64420.jpg
Les filles sèment le vent ;Louis Soulanes ;1960;21/06/1961;Montpellier;Palavas-les-flots;;;;;http://fr.wikipedia.org/wiki/Les_filles_s%C3%A8ment_le_vent;http://media.senscritique.com/media/000000080652/160/Les_filles_sement_le_vent.jpg
La Dérive ;Paule Delsol;1963;19/08/1964;Montpellier-Château de la Mogère;;;;;;http://fr.wikipedia.org/wiki/La_D%C3%A9rive_(film,_1964);http://visuels.mpcollector.com/FICHE_CINEMA/D/Derive_1963.jpg
Deux hommes dans la ville ;José Giovanni;1973;25/10/1973;Montpellier;;;;;;http://fr.wikipedia.org/wiki/Deux_hommes_dans_la_ville;http://www.avoir-alire.com/IMG/jpg/Deux_hommes_dans_la_ville_grande.jpg
L'emmerdeur;Edouard Molinaro ;1973;20/09/1973;Montpellier;Saint Jean-de-Vedas;Castrie;;;;http://fr.wikipedia.org/wiki/L%27Emmerdeur_(film,_1973);http://1.bp.blogspot.com/-6HVP2HFH3nI/U9G32NVpsII/AAAAAAAA18Q/Bh2aLvlvgg8/s1600/L'emmerdeur+(1973).gif
Un mari, c'est un mari ;Serge Friedman ;1976;15/12/1976;Montpellier;Juvignac;;;;;http://fr.wikipedia.org/wiki/Un_mari,_c'est_un_mari;http://images.fan-de-cinema.com/affiches/large/40/33456.jpg
L'homme qui aimait les femmes ;François Truffaut ;1977;27/04/1977;Montpellier;;;;;;http://fr.wikipedia.org/wiki/L'Homme_qui_aimait_les_femmes;http://www.ecranlarge.com/upload/movies/poster/movie18494/original_464807.jpg
Le pull over rouge ;Michel Drach ;1979;07/11/1979;Montpellier;;;;;;http://fr.wikipedia.org/wiki/Le_Pull-over_rouge_(film);http://www.ecranlarge.com/upload/movies/poster/movie18414/original_463505.jpg
La méridienne ;Jean-François Amiguet ;1987;15/06/1988;Montpellier;Lunel;;;;;http://www.imdb.com/title/tt0095625/;http://ia.media-imdb.com/images/M/MV5BMTM2ODkzNjQ0MV5BMl5BanBnXkFtZTcwOTI0NTA2Mw@@._V1_SY317_CR5,0,214,317_AL_.jpg
Le bonheur se porte large ;Alex Metayer ;1987;15/06/1988;Montpellier;;;;;;http://www.imdb.com/title/tt0094779/;http://www.intemporel.com/images/produit/images/60872.jpg
Un week-end sur deux ;Nicole Garcia ;1990;29/08/1990;Montpellier;Frontignan;Palavas-les-flots;Lodève;;;http://fr.wikipedia.org/wiki/Un_week-end_sur_deux;http://images.fan-de-cinema.com/affiches/large/ed/33494.jpg
Le petit criminel ;Jacques Doillon ;1990;19/12/1990;Montpellier;Sète;;;;;http://fr.wikipedia.org/wiki/Le_Petit_Criminel;http://images.fan-de-cinema.com/affiches/large/af/31940.jpg
Maman;Romain Goupil ;1990;14/02/1990;Montpellier;Frontignan;;;;;http://fr.wikipedia.org/wiki/Maman_(film,_1990);http://media.senscritique.com/media/000000164131/source_big/Maman.jpg
Les amants du pont neuf ;Leos Carax ;1991;16/10/1991;Montpellier;Lansargues;;;;;http://fr.wikipedia.org/wiki/Les_Amants_du_Pont-Neuf;http://images.fan-de-cinema.com/affiches/large/fe/32095.jpg
Roulez jeunesse! ;Jacques Fansten ;1993;28/04/1993;Montpellier;;;;;;http://fr.wikipedia.org/wiki/Roulez_jeunesse_!;http://t3.gstatic.com/images?q=tbn:ANd9GcQALmYFA6ZGWPcFJGgOLrtSsajIU0jMLgaF2iTsrieAR92FU-2zjL10yHFyPQ
Didier;Alain Chabat ;1997;28/01/1997;Montpellier;;;;;;http://fr.wikipedia.org/wiki/Didier_(film);http://fr.web.img4.acsta.net/medias/nmedia/18/35/53/70/18656565.jpg
Scènes de crimes ;Frédéric Schoendoerffer ;2000;15/03/2000;Montpellier;Mireval;Palavas-les-flots;;;;http://fr.wikipedia.org/wiki/Sc%C3%A8nes_de_crimes;http://fr.web.img6.acsta.net/medias/nmedia/18/65/23/23/18839779.jpg
Jajouka;Marc Hurtado ;2007;;Montpellier;Agde;Vic la Gardiole;Aumelas;Les Aresquiers;Villeneuve les Maguelone;;
8th wonderland;Jean Mach et Nicolas Alberny ;2007;12/05/2010;Montpellier;Mauguio;;;;;http://fr.wikipedia.org/wiki/8th_Wonderland;http://images.fan-de-cinema.com/affiches/large/df/68878.jpg
L'avocat;Cédric Anger ;2008;26/01/2011;Montpellier;Sète;Cazevielle;;;;http://fr.wikipedia.org/wiki/L'Avocat_(film,_2011);http://silofdaboc.files.wordpress.com/2011/02/l-avocat-film-affiche-france-01-740x1000.jpg
Bellamy;Claude Chabrol ;2008;25/02/2009;Montpellier;Sète;;;;;http://fr.wikipedia.org/wiki/Bellamy_(film);http://static1.purepeople.com/articles/3/22/53/3/@/154906-l-affiche-du-film-bellamy-637x0-3.jpg
Le bruit des glaçons ;Bertrand Blier ;2009;25/08/2010;Montpellier;Palavas-les-flots;;;;;http://fr.wikipedia.org/wiki/Le_Bruit_des_gla%C3%A7ons;http://p6.storage.canalblog.com/62/78/660219/54766505.jpg
Omar m'a tuer ;Roschdy Zem ;2010;22/06/2011;Montpellier;Beziers;Villeneuve les Maguelone;;;;http://fr.wikipedia.org/wiki/Omar_m%27a_tuer_(film);http://img.filmsactu.net/datas/films/o/m/omar-m-a-tuer/xl/4db04d6bb02c5.jpg
Chez Gino ;Samuel Benchetrit ;2010;30/03/2011;Montpellier-Château de la Mogère;;;;;;http://fr.wikipedia.org/wiki/Chez_Gino;http://www.michelkorb.com/IMG/jpg/chez-gino-30-03-2011-30-03-2011-14-g.jpg
La Porte Noire;Fabrice Martin;2010;;Montpellier;;;;;;http://www.theblackgate-movie.com/;https://kkbb-production.s3.amazonaws.com/uploads/project_image/image/11653/petit_cadre_pour_KKBB.jpg
Pauline Détective ;Marc Fitoussi;2011;03/10/2012;Montpellier;;;;;;http://fr.wikipedia.org/wiki/Pauline_d%C3%A9tective;http://fr.web.img4.acsta.net/medias/nmedia/18/88/70/18/20215461.jpg
La Grande Boucle ;Laurent Tuel;2012;12/06/2013;Montpellier;Narbonne;;;;;http://fr.wikipedia.org/wiki/La_Grande_Boucle_(film);http://fr.web.img4.acsta.net/pictures/210/023/21002373_20130430122051035.jpg
Un beau dimanche;Nicole Garcia ;2012;15/01/2014;Montpellier;;;;;;http://fr.wikipedia.org/wiki/Un_beau_dimanche_(film);http://fr.web.img4.acsta.net/pictures/14/01/03/14/44/587765.jpg
N'importe qui;Raphael Frydman;2012;05/03/2014;Montpellier;;;;;;https://fr.wikipedia.org/wiki/N'importe_qui;http://fr.web.img3.acsta.net/pictures/14/01/24/14/52/485987.jpg
Battle of the Year;Benson Lee;2012;13/11/2013;Montpellier;;;;;;http://www.allocine.fr/film/fichefilm_gen_cfilm=198951.html;http://fr.web.img2.acsta.net/pictures/210/322/21032275_20130827110359642.jpg
Le dernier coup de marteau ;Alix Delporte;2013;11/03/2015;Montpellier;;;;;;http://www.allocine.fr/film/fichefilm_gen_cfilm=230485.html;
Vie sauvage ;Cédric Kahn ;2013;29/10/2014;Montpellier;;;;;;http://www.allocine.fr/film/fichefilm_gen_cfilm=224962.html;
Les métamorphoses ;Christophe Honoré;2013;03/09/2014;Montpellier;;;;;;http://fr.wikipedia.org/wiki/M%C3%A9tamorphoses_(film,_2014);
Choc ;Marco Prévost;2013;;Montpellier;;;;;;;
Du satin blanc;Gloria Rodenas;2015;;Montpellier;;;;;;https://www.kisskissbankbank.com/fr/projects/du-satin-blanc/wall;
Le Bijoutier;Isabelle Czajka;2016;;Montpellier;;;;;;http://diaphana.fr/;
Le Poulain;Mathieu Sapin;2017;;Montpellier;;;;;;http://www.allocine.fr/film/fichefilm_gen_cfilm=254724.html;
Why;Nicolas Geoffrey;2017;;Montpellier;;;;;;;
